<?xml version="1.0" encoding="UTF-8"?>
<beans xmlns="http://www.springframework.org/schema/beans"
       xmlns:xsi="http://www.w3.org/2001/XMLSchema-instance"
       xmlns:context="http://www.springframework.org/schema/context"
       xmlns:mvc="http://www.springframework.org/schema/mvc"
       xsi:schemaLocation="http://www.springframework.org/schema/beans
       http://www.springframework.org/schema/beans/spring-beans.xsd
       http://www.springframework.org/schema/context
       http://www.springframework.org/schema/context/spring-context.xsd
       http://www.springframework.org/schema/mvc
       http://www.springframework.org/schema/mvc/spring-mvc.xsd">

    <!-- 扫描控制器 -->
    <context:component-scan base-package="controller"/>
    
    <!-- 开启注解驱动 -->
    <mvc:annotation-driven>
        <mvc:message-converters>
            <bean class="org.springframework.http.converter.json.MappingJackson2HttpMessageConverter">
                <property name="objectMapper">
                    <bean class="com.fasterxml.jackson.databind.ObjectMapper">
                        <property name="dateFormat">
                            <bean class="java.text.SimpleDateFormat">
                                <constructor-arg value="yyyy-MM-dd HH:mm:ss"/>
                            </bean>
                        </property>
                    </bean>
                </property>
            </bean>
        </mvc:message-converters>
    </mvc:annotation-driven>
    
    <!-- 静态资源处理 -->
    <mvc:resources mapping="/static/**" location="/static/"/>
    
    <!-- 视图解析器 -->
    <bean class="org.springframework.web.servlet.view.InternalResourceViewResolver">
        <property name="prefix" value="/WEB-INF/views/"/>
        <property name="suffix" value=".jsp"/>
        <property name="viewClass" value="org.springframework.web.servlet.view.JstlView"/>
    </bean>
    
    <!-- 拦截器配置 -->
    <mvc:interceptors>
        <mvc:interceptor>
            <mvc:mapping path="/**"/>
            <mvc:exclude-mapping path="/"/>
            <mvc:exclude-mapping path="/index"/>
            <mvc:exclude-mapping path="/test"/>
            <mvc:exclude-mapping path="/health"/>
            <mvc:exclude-mapping path="/user/login"/>
            <mvc:exclude-mapping path="/user/register"/>
            <mvc:exclude-mapping path="/order/create"/>
            <mvc:exclude-mapping path="/static/**"/>
            <bean class="controller.interceptor.LoginInterceptor"/>
        </mvc:interceptor>
    </mvc:interceptors>
    
</beans> 