<?xml version="1.0" encoding="UTF-8"?>
<!DOCTYPE mapper PUBLIC "-//mybatis.org//DTD Mapper 3.0//EN" "http://mybatis.org/dtd/mybatis-3-mapper.dtd">
<mapper namespace="dao.GoodsDao">

    <resultMap id="GoodsResultMap" type="entity.Goods">
        <id column="id" property="id"/>
        <result column="name" property="name"/>
        <result column="description" property="description"/>
        <result column="price" property="price"/>
        <result column="category_id" property="categoryId"/>
        <result column="seller_id" property="sellerId"/>
        <result column="status" property="status"/>
        <result column="create_time" property="createTime"/>
        <result column="update_time" property="updateTime"/>
    </resultMap>

    <select id="queryById" resultMap="GoodsResultMap">
        SELECT * FROM goods WHERE id = #{id}
    </select>

    <select id="queryAll" resultMap="GoodsResultMap">
        SELECT * FROM goods WHERE status = 1 ORDER BY create_time DESC
    </select>

    <select id="queryByCategoryId" resultMap="GoodsResultMap">
        SELECT * FROM goods WHERE category_id = #{categoryId} AND status = 1
        ORDER BY create_time DESC
    </select>

    <select id="queryBySellerId" resultMap="GoodsResultMap">
        SELECT * FROM goods WHERE seller_id = #{sellerId} ORDER BY create_time DESC
    </select>

    <select id="queryByPage" resultMap="GoodsResultMap">
        SELECT * FROM goods WHERE status = 1
        ORDER BY create_time DESC
        LIMIT #{offset}, #{pageSize}
    </select>

    <!-- 基础搜索：按名称和描述搜索 -->
    <select id="searchGoods" resultMap="GoodsResultMap">
        SELECT * FROM goods
        <where>
            status = 1
            <if test="keyword != null and keyword != ''">
                AND (name LIKE CONCAT('%', #{keyword}, '%')
                OR description LIKE CONCAT('%', #{keyword}, '%'))
            </if>
        </where>
        ORDER BY create_time DESC
    </select>

    <!-- 按分类搜索 -->
    <select id="searchGoodsByCategory" resultMap="GoodsResultMap">
        SELECT * FROM goods
        <where>
            status = 1
            <if test="categoryId != null">
                AND category_id = #{categoryId}
            </if>
            <if test="keyword != null and keyword != ''">
                AND (name LIKE CONCAT('%', #{keyword}, '%')
                OR description LIKE CONCAT('%', #{keyword}, '%'))
            </if>
        </where>
        ORDER BY create_time DESC
    </select>

    <!-- 按价格范围搜索 -->
    <select id="searchGoodsByPriceRange" resultMap="GoodsResultMap">
        SELECT * FROM goods
        <where>
            status = 1
            <if test="minPrice != null">
                AND price >= #{minPrice}
            </if>
            <if test="maxPrice != null">
                AND price &lt;= #{maxPrice}
            </if>
        </where>
        ORDER BY price ASC
    </select>

    <!-- 综合搜索 -->
    <select id="searchGoodsAdvanced" resultMap="GoodsResultMap">
        SELECT * FROM goods
        <where>
            status = 1
            <if test="keyword != null and keyword != ''">
                AND (name LIKE CONCAT('%', #{keyword}, '%')
                OR description LIKE CONCAT('%', #{keyword}, '%'))
            </if>
            <if test="categoryId != null">
                AND category_id = #{categoryId}
            </if>
            <if test="minPrice != null">
                AND price >= #{minPrice}
            </if>
            <if test="maxPrice != null">
                AND price &lt;= #{maxPrice}
            </if>
        </where>
        ORDER BY
        <choose>
            <when test="sortBy == 'price'">
                price
            </when>
            <otherwise>
                create_time
            </otherwise>
        </choose>
        <choose>
            <when test="sortOrder == 'asc'">
                ASC
            </when>
            <otherwise>
                DESC
            </otherwise>
        </choose>
    </select>

    <insert id="insert" parameterType="entity.Goods" useGeneratedKeys="true" keyProperty="id">
        INSERT INTO goods (name, description, price, category_id, seller_id, status, create_time, update_time)
        VALUES (#{name}, #{description}, #{price}, #{categoryId}, #{sellerId}, #{status}, NOW(), NOW())
    </insert>

    <update id="update" parameterType="entity.Goods">
        UPDATE goods
        SET name = #{name}, description = #{description}, price = #{price},
            category_id = #{categoryId}, status = #{status}, update_time = NOW()
        WHERE id = #{id}
    </update>

    <delete id="deleteById">
        DELETE FROM goods WHERE id = #{id}
    </delete>

</mapper>