<?xml version="1.0" encoding="UTF-8"?>
<!DOCTYPE mapper PUBLIC "-//mybatis.org//DTD Mapper 3.0//EN" "http://mybatis.org/dtd/mybatis-3-mapper.dtd">
<mapper namespace="dao.OrderDao">
    
    <resultMap id="OrderResultMap" type="entity.Order">
        <id column="id" property="id"/>
        <result column="order_number" property="orderNumber"/>
        <result column="buyer_id" property="buyerId"/>
        <result column="seller_id" property="sellerId"/>
        <result column="goods_id" property="goodsId"/>
        <result column="price" property="price"/>
        <result column="status" property="status"/>
        <result column="create_time" property="createTime"/>
        <result column="update_time" property="updateTime"/>
    </resultMap>
    
    <select id="queryById" resultMap="OrderResultMap">
        SELECT * FROM orders WHERE id = #{id}
    </select>
    
    <select id="queryByOrderNumber" resultMap="OrderResultMap">
        SELECT * FROM orders WHERE order_number = #{orderNumber}
    </select>
    
    <select id="queryByUserId" resultMap="OrderResultMap">
        SELECT * FROM orders WHERE buyer_id = #{userId} ORDER BY create_time DESC
    </select>
    
    <select id="queryBySellerId" resultMap="OrderResultMap">
        SELECT * FROM orders WHERE seller_id = #{sellerId} ORDER BY create_time DESC
    </select>
    
    <select id="queryByPage" resultMap="OrderResultMap">
        SELECT * FROM orders ORDER BY create_time DESC LIMIT #{offset}, #{limit}
    </select>
    
    <insert id="insert" parameterType="entity.Order" useGeneratedKeys="true" keyProperty="id">
        INSERT INTO orders (order_number, buyer_id, seller_id, goods_id, price, status, create_time, update_time)
        VALUES (#{orderNumber}, #{buyerId}, #{sellerId}, #{goodsId}, #{price}, #{status}, NOW(), NOW())
    </insert>
    
    <update id="update" parameterType="entity.Order">
        UPDATE orders 
        SET order_number = #{orderNumber}, buyer_id = #{buyerId}, seller_id = #{sellerId}, 
            goods_id = #{goodsId}, price = #{price}, status = #{status}, update_time = NOW()
        WHERE id = #{id}
    </update>
    
    <delete id="deleteById">
        DELETE FROM orders WHERE id = #{id}
    </delete>
    
</mapper> 