<?xml version="1.0" encoding="UTF-8"?>
<!DOCTYPE mapper PUBLIC "-//mybatis.org//DTD Mapper 3.0//EN" "http://mybatis.org/dtd/mybatis-3-mapper.dtd">
<mapper namespace="dao.UserDao">
    
    <resultMap id="UserResultMap" type="entity.User">
        <id column="id" property="id"/>
        <result column="username" property="username"/>
        <result column="password" property="password"/>
        <result column="role" property="role"/>
        <result column="phone" property="phone"/>
        <result column="email" property="email"/>
        <result column="student_id" property="studentId"/>
        <result column="status" property="status"/>
        <result column="create_time" property="createTime"/>
        <result column="update_time" property="updateTime"/>
    </resultMap>
    
    <select id="queryById" resultMap="UserResultMap">
        SELECT * FROM users WHERE id = #{id}
    </select>
    
    <select id="queryByUsername" resultMap="UserResultMap">
        SELECT * FROM users WHERE username = #{username}
    </select>
    
    <select id="login" resultMap="UserResultMap">
        SELECT * FROM users WHERE username = #{username} AND password = #{password} AND status = 1
    </select>
    
    <select id="queryAll" resultMap="UserResultMap">
        SELECT * FROM users ORDER BY create_time DESC
    </select>
    
    <insert id="insert" parameterType="entity.User" useGeneratedKeys="true" keyProperty="id">
        INSERT INTO users (username, password, role, phone, email, student_id, status, create_time, update_time)
        VALUES (#{username}, #{password}, 
                COALESCE(#{role}, 0), 
                COALESCE(#{phone}, ''), 
                COALESCE(#{email}, ''), 
                COALESCE(#{studentId}, ''), 
                COALESCE(#{status}, 1),
                NOW(), NOW())
    </insert>
    
    <update id="update" parameterType="entity.User">
        UPDATE users 
        SET username = #{username}, phone = #{phone}, email = #{email}, 
            student_id = #{studentId}, status = #{status}
        WHERE id = #{id}
    </update>
    
    <update id="updatePassword">
        UPDATE users SET password = #{password} WHERE id = #{id}
    </update>
    
    <delete id="deleteById">
        DELETE FROM users WHERE id = #{id}
    </delete>
    
</mapper> 